{"cameraMode":{"drawMode":0,"name":"Shaded","section":"Shading Mode"},"sceneLighting":true,"audioPlay":false,"sceneViewState":{"showFog":true,"showMaterialUpdate":false,"showSkybox":true,"showFlares":true,"showImageEffects":true,"showParticleSystems":true},"in2DMode":false,"pivot":{"x":11.097044944763184,"y":0.39511728286743166,"z":-3.156527519226074},"rotation":{"x":0.2775852382183075,"y":-0.5074310302734375,"z":0.17687493562698365,"w":0.796360194683075},"size":72.03084564208985,"orthographic":true}